run_id,manifest_rank,project_id,sample_file,input_id,repository_url,focal_class,focal_class_path,focal_class_fqcn,seed,evosuite_version,status,failure_stage,failure_reason,baseline_state,baseline_eligible,build_tool,module_path,java_version,java_home,classpath_resolved,focal_bytecode_found,generation_exit_code,generation_timed_out,generated_java_files,generated_test_classes,generated_test_methods,compilation,execution_success,test_passed,valid,evosuite_coverage,evosuite_total_goals,evosuite_covered_goals,baseline_elapsed_seconds,classpath_elapsed_seconds,generation_elapsed_seconds,compilation_elapsed_seconds,execution_elapsed_seconds,elapsed_seconds,artifact_dir,started_at_utc,finished_at_utc,source_valid,quality_status,coverage_error,mutation_error,quality_artifact_dir,test_classes,instrumentation_adapter_replacements,saved_generation_classpath_entries_reused,runtime_classpath_entries,instruction_covered,instruction_missed,coverage_instruction,line_covered,line_missed,coverage_line,branch_covered,branch_missed,coverage_branch,method_covered,method_missed,coverage_method,mutations_total,mutations_killed,mutations_survived,mutations_no_coverage,mutations_timed_out,mutations_error,mutation_score,mutation_status_counts,coverage_complete,mutation_complete,smell_status,smell_complete,smell_error,smell_instances,smell_free,smell_java_home,smell_artifact_dir,smell_raw_csv,Assertion Roulette,Conditional Test Logic,Constructor Initialization,Default Test,EmptyTest,Exception Handling,General Fixture,Mystery Guest,Print Statement,Redundant Assertion,Sensitive Equality,Verbose Test,Sleepy Test,Eager Test,Lazy Test,Duplicate Assert,Unknown Test,IgnoredTest,Resource Optimism,Magic Number Test,Dependent Test,full_status,full_metrics_complete,repo_cache_removed,not_applicable_reason,cleanup_warning
evosuite-full-20260824T062816Z,3,2193717,2193717_2.json,2193717_2,https://github.com/lexicalscope/fluent-reflection,ConvertClassToReflectedType,fluent-reflection/src/main/java/com/lexicalscope/fluentreflection/ConvertClassToReflectedType.java,com.lexicalscope.fluentreflection.ConvertClassToReflectedType,42,1.2.0,VALID,,,MODULE_TESTS_PASSED,True,maven,fluent-reflection,6,D:\ki9\SEP490\ArrowCode\ARROW-paper\ARROW\Java-version\java-8,True,True,0,False,2,1,1,True,True,True,True,1.0,2,2,17.109,2.718,28.734,0.547,1.344,53.172,D:\ki9\SEP490\ArrowCode\ARROW-paper\ARROW\runs\e\p2\s\2193717_2\s42,2026-08-24T06:29:38.435140+00:00,2026-08-24T06:29:38.839725+00:00,True,COMPLETE,,,D:\ki9\SEP490\ArrowCode\ARROW-paper\ARROW\runs\e\p2\s\2193717_2\s42\t3,com.lexicalscope.fluentreflection.ConvertClassToReflectedType_ESTest,2,13,19,11,0,100.0,4,0,100.0,0,0,,2,0,100.0,1,1,0,0,0,0,100.0,"{""KILLED"": 1}",True,True,COMPLETE,True,,2,False,D:\ki9\SEP490\ArrowCode\ARROW-paper\ARROW\Java-version\java-11,D:\ki9\SEP490\ArrowCode\ARROW-paper\ARROW\runs\e\p2\s\2193717_2\s42\ts,D:\ki9\SEP490\ArrowCode\ARROW-paper\ARROW\runs\e\p2\s\2193717_2\s42\ts\Output_TestSmellDetection_1787552978586.csv,0,0,0,0,0,1,0,0,0,0,0,0,0,0,0,0,0,0,0,1,0,COMPLETE,True,True,,
evosuite-clean-200-part-2,8,18133301,18133301_5.json,18133301_5,https://github.com/graceland/graceland-core,Platform,graceland-platform/src/main/java/io/graceland/Platform.java,io.graceland.Platform,42,1.2.0,VALID,,,MODULE_TESTS_PASSED,True,maven,graceland-platform,7,D:\ki9\SEP490\ArrowCode\ARROW-paper\ARROW\Java-version\java-8,True,True,0,False,2,1,3,True,True,True,True,0.48,25,12,19.438,3.89,162.5,0.734,9.657,198.407,D:\ki9\SEP490\ArrowCode\ARROW-paper\ARROW\runs\e\p2\s\18133301_5\s42,2026-08-24T06:33:58.410616+00:00,2026-08-24T06:33:58.829010+00:00,True,COMPLETE,,,D:\ki9\SEP490\ArrowCode\ARROW-paper\ARROW\runs\e\p2\s\18133301_5\s42\t3,io.graceland.Platform_ESTest,2,63,69,120,189,38.83,25,41,37.88,9,13,40.91,5,2,71.43,24,0,0,13,0,11,0.0,"{""NO_COVERAGE"": 13, ""RUN_ERROR"": 11}",True,True,COMPLETE,True,,10,False,D:\ki9\SEP490\ArrowCode\ARROW-paper\ARROW\Java-version\java-11,D:\ki9\SEP490\ArrowCode\ARROW-paper\ARROW\runs\e\p2\s\18133301_5\s42\ts,D:\ki9\SEP490\ArrowCode\ARROW-paper\ARROW\runs\e\p2\s\18133301_5\s42\ts\Output_TestSmellDetection_1787553238553.csv,0,0,0,0,0,3,0,0,0,0,0,0,0,2,2,0,0,0,0,3,0,COMPLETE,True,True,,
evosuite-clean-200-part-2,13,122514469,122514469_23.json,122514469_23,https://github.com/leberKleber/ljcm,BooleanParser,ljcm-minimal-parser/src/main/java/io/github/leberkleber/ljcm/parser/impl/BooleanParser.java,io.github.leberkleber.ljcm.parser.impl.BooleanParser,42,1.2.0,VALID,,,MODULE_TESTS_PASSED,True,maven,ljcm-minimal-parser,8,D:\ki9\SEP490\ArrowCode\ARROW-paper\ARROW\Java-version\java-8,True,True,0,False,2,1,4,True,True,True,True,1.0,6,6,14.296,3.969,40.188,0.609,1.203,61.282,D:\ki9\SEP490\ArrowCode\ARROW-paper\ARROW\runs\e\p2\s\122514469_23\s42,2026-08-24T06:31:14.007826+00:00,2026-08-24T06:31:14.453948+00:00,True,COMPLETE,,,D:\ki9\SEP490\ArrowCode\ARROW-paper\ARROW\runs\e\p2\s\122514469_23\s42\t3,io.github.leberkleber.ljcm.parser.impl.BooleanParser_ESTest,2,0,7,51,0,100.0,9,0,100.0,2,0,100.0,3,0,100.0,4,4,0,0,0,0,100.0,"{""KILLED"": 4}",True,True,COMPLETE,True,,11,False,D:\ki9\SEP490\ArrowCode\ARROW-paper\ARROW\Java-version\java-11,D:\ki9\SEP490\ArrowCode\ARROW-paper\ARROW\runs\e\p2\s\122514469_23\s42\ts,D:\ki9\SEP490\ArrowCode\ARROW-paper\ARROW\runs\e\p2\s\122514469_23\s42\ts\Output_TestSmellDetection_1787553074161.csv,0,0,0,0,0,4,0,0,0,0,0,0,0,0,3,0,0,0,0,4,0,COMPLETE,True,True,,
evosuite-clean-200-part-2,18,2846293,2846293_16.json,2846293_16,https://github.com/Ardesco/Ebselen,WebElementGenerator,ebselen-ide-convertor/src/main/java/com/lazerycode/ebselen/codegenerators/WebElementGenerator.java,com.lazerycode.ebselen.codegenerators.WebElementGenerator,42,1.2.0,VALID,,,MODULE_TESTS_PASSED,True,maven,ebselen-ide-convertor,6,D:\ki9\SEP490\ArrowCode\ARROW-paper\ARROW\Java-version\java-8,True,True,0,False,2,1,16,True,True,True,True,1.0,22,22,30.0,5.703,66.578,0.438,1.093,111.687,D:\ki9\SEP490\ArrowCode\ARROW-paper\ARROW\runs\e\p2\s\2846293_16\s42,2026-08-24T06:33:31.829522+00:00,2026-08-24T06:33:32.388739+00:00,True,COMPLETE,,,D:\ki9\SEP490\ArrowCode\ARROW-paper\ARROW\runs\e\p2\s\2846293_16\s42\t3,com.lazerycode.ebselen.codegenerators.WebElementGenerator_ESTest,2,0,7,199,0,100.0,21,0,100.0,0,0,,14,0,100.0,12,12,0,0,0,0,100.0,"{""KILLED"": 12}",True,True,COMPLETE,True,,42,False,D:\ki9\SEP490\ArrowCode\ARROW-paper\ARROW\Java-version\java-11,D:\ki9\SEP490\ArrowCode\ARROW-paper\ARROW\runs\e\p2\s\2846293_16\s42\ts,D:\ki9\SEP490\ArrowCode\ARROW-paper\ARROW\runs\e\p2\s\2846293_16\s42\ts\Output_TestSmellDetection_1787553212001.csv,0,0,0,0,0,16,0,0,0,0,0,0,0,4,6,0,0,0,0,16,0,COMPLETE,True,True,,
evosuite-clean-200-part-2,23,17835696,17835696_0.json,17835696_0,https://github.com/feroult/yawp,JettyConfiguration,yawp-postgresql/src/main/java/io/yawp/driver/postgresql/configuration/JettyConfiguration.java,io.yawp.driver.postgresql.configuration.JettyConfiguration,42,1.2.0,VALID,,,MODULE_TESTS_PASSED,True,maven,yawp-postgresql,8,D:\ki9\SEP490\ArrowCode\ARROW-paper\ARROW\Java-version\java-8,True,True,0,False,2,1,2,True,True,True,True,0.2727272727272727,11,3,22.5,3.812,148.875,0.484,1.094,184.953,D:\ki9\SEP490\ArrowCode\ARROW-paper\ARROW\runs\e\p2\s\17835696_0\s42,2026-08-24T06:36:58.417479+00:00,2026-08-24T06:36:58.775882+00:00,True,COMPLETE,,,D:\ki9\SEP490\ArrowCode\ARROW-paper\ARROW\runs\e\p2\s\17835696_0\s42\t3,io.yawp.driver.postgresql.configuration.JettyConfiguration_ESTest,2,0,7,19,105,15.32,6,21,22.22,0,2,0.0,4,7,36.36,12,1,1,10,0,0,8.33,"{""KILLED"": 1, ""NO_COVERAGE"": 10, ""SURVIVED"": 1}",True,True,COMPLETE,True,,4,False,D:\ki9\SEP490\ArrowCode\ARROW-paper\ARROW\Java-version\java-11,D:\ki9\SEP490\ArrowCode\ARROW-paper\ARROW\runs\e\p2\s\17835696_0\s42\ts,D:\ki9\SEP490\ArrowCode\ARROW-paper\ARROW\runs\e\p2\s\17835696_0\s42\ts\Output_TestSmellDetection_1787553418548.csv,0,0,0,0,0,2,0,0,0,0,0,0,0,0,0,0,0,0,0,2,0,COMPLETE,True,True,,
evosuite-clean-200-part-2,28,2329961,2329961_18.json,2329961_18,https://github.com/Cloudname/cloudname,ServiceData,cn-service/src/main/java/org/cloudname/service/ServiceData.java,org.cloudname.service.ServiceData,42,1.2.0,VALID,,,MODULE_TESTS_PASSED,True,maven,cn-service,8,D:\ki9\SEP490\ArrowCode\ARROW-paper\ARROW\Java-version\java-8,True,True,0,False,2,1,12,True,True,True,True,0.8518518518518519,27,23,26.437,3.062,186.641,0.516,1.281,226.328,D:\ki9\SEP490\ArrowCode\ARROW-paper\ARROW\runs\e\p2\s\2329961_18\s42,2026-08-24T06:38:12.572425+00:00,2026-08-24T06:38:13.019236+00:00,True,COMPLETE,,,D:\ki9\SEP490\ArrowCode\ARROW-paper\ARROW\runs\e\p2\s\2329961_18\s42\t3,org.cloudname.service.ServiceData_ESTest,2,0,9,160,77,67.51,35,13,72.92,18,4,81.82,6,1,85.71,19,12,2,5,0,0,63.16,"{""KILLED"": 12, ""NO_COVERAGE"": 5, ""SURVIVED"": 2}",True,True,COMPLETE,True,,44,False,D:\ki9\SEP490\ArrowCode\ARROW-paper\ARROW\Java-version\java-11,D:\ki9\SEP490\ArrowCode\ARROW-paper\ARROW\runs\e\p2\s\2329961_18\s42\ts,D:\ki9\SEP490\ArrowCode\ARROW-paper\ARROW\runs\e\p2\s\2329961_18\s42\ts\Output_TestSmellDetection_1787553492716.csv,2,0,0,0,0,12,0,0,0,0,0,0,0,4,14,0,0,0,0,12,0,COMPLETE,True,True,,
evosuite-clean-200-part-2,33,29397553,29397553_11.json,29397553_11,https://github.com/RankSys/RankSys,AveragePrecision,RankSys-metrics/src/main/java/es/uam/eps/ir/ranksys/metrics/basic/AveragePrecision.java,es.uam.eps.ir.ranksys.metrics.basic.AveragePrecision,42,1.2.0,VALID,,,MODULE_TESTS_PASSED,True,maven,RankSys-metrics,8,D:\ki9\SEP490\ArrowCode\ARROW-paper\ARROW\Java-version\java-8,True,True,0,False,2,1,3,True,True,True,True,0.5555555555555556,9,5,5.265,2.594,154.266,0.625,2.922,170.484,D:\ki9\SEP490\ArrowCode\ARROW-paper\ARROW\runs\e\p2\s\29397553_11\s42,2026-08-24T06:40:05.824001+00:00,2026-08-24T06:40:06.295376+00:00,True,COMPLETE,,,D:\ki9\SEP490\ArrowCode\ARROW-paper\ARROW\runs\e\p2\s\29397553_11\s42\t3,es.uam.eps.ir.ranksys.metrics.basic.AveragePrecision_ESTest,2,0,7,0,69,0.0,0,20,0.0,0,8,0.0,0,2,0.0,9,0,0,9,0,0,0.0,"{""NO_COVERAGE"": 9}",True,True,COMPLETE,True,,6,False,D:\ki9\SEP490\ArrowCode\ARROW-paper\ARROW\Java-version\java-11,D:\ki9\SEP490\ArrowCode\ARROW-paper\ARROW\runs\e\p2\s\29397553_11\s42\ts,D:\ki9\SEP490\ArrowCode\ARROW-paper\ARROW\runs\e\p2\s\29397553_11\s42\ts\Output_TestSmellDetection_1787553605969.csv,0,0,0,0,0,3,0,0,0,0,0,0,0,0,0,0,0,0,0,3,0,COMPLETE,True,True,,
evosuite-clean-200-part-2,38,107437722,107437722_123.json,107437722_123,https://github.com/Adobe-Marketing-Cloud/asset-share-commons,AssetRenditionDownloadRequest,core/src/main/java/com/adobe/aem/commons/assetshare/content/renditions/download/impl/AssetRenditionDownloadRequest.java,,42,1.2.0,TOOL_ERROR,setup,PermissionError: [WinError 32] The process cannot access the file because it is being used by another process: 'D:\\ki9\\SEP490\\ArrowCode\\ARROW-paper\\ARROW\\repos\\107437722\\SNAPSHOT_FIX.md',,False,,,,,False,False,,False,0,0,0,False,False,False,False,,,,,,,,,18.734,,2026-08-24T06:38:31.818741+00:00,2026-08-24T06:38:31.818741+00:00,False,NOT_APPLICABLE_INVALID,,,,,,,,,,,,,,,,,,,,,,,,,,,,False,False,NOT_APPLICABLE_INVALID,False,,,,,,,,,,,,,,,,,,,,,,,,,,,,INFRA_ERROR,False,False,EvoSuite status=TOOL_ERROR,repo cleanup: PermissionError: [WinError 32] The process cannot access the file because it is being used by another process: 'D:\\ki9\\SEP490\\ArrowCode\\ARROW-paper\\ARROW\\repos\\107437722\\SNAPSHOT_FIX.md'
evosuite-clean-200-part-2,43,15951171,15951171_0.json,15951171_0,https://github.com/rodolfodpk/myeslib,HzUnitOfWorkJournal,myeslib-hazelcast/src/main/java/org/myeslib/hazelcast/storage/HzUnitOfWorkJournal.java,org.myeslib.hazelcast.storage.HzUnitOfWorkJournal,42,1.2.0,VALID,,,MODULE_TESTS_PASSED,True,maven,myeslib-hazelcast,7,D:\ki9\SEP490\ArrowCode\ARROW-paper\ARROW\Java-version\java-8,True,True,0,False,2,1,1,True,True,True,True,0.0,7,0,15.766,2.812,126.625,0.531,0.328,148.516,D:\ki9\SEP490\ArrowCode\ARROW-paper\ARROW\runs\e\p2\s\15951171_0\s42,2026-08-24T06:41:20.149241+00:00,2026-08-24T06:41:20.519519+00:00,True,COMPLETE,,,D:\ki9\SEP490\ArrowCode\ARROW-paper\ARROW\runs\e\p2\s\15951171_0\s42\t3,org.myeslib.hazelcast.storage.HzUnitOfWorkJournal_ESTest,2,0,11,0,92,0.0,0,21,0.0,0,6,0.0,0,4,0.0,6,0,0,6,0,0,0.0,"{""NO_COVERAGE"": 6}",True,True,COMPLETE,True,,3,False,D:\ki9\SEP490\ArrowCode\ARROW-paper\ARROW\Java-version\java-11,D:\ki9\SEP490\ArrowCode\ARROW-paper\ARROW\runs\e\p2\s\15951171_0\s42\ts,D:\ki9\SEP490\ArrowCode\ARROW-paper\ARROW\runs\e\p2\s\15951171_0\s42\ts\Output_TestSmellDetection_1787553680297.csv,0,0,0,0,1,0,0,0,0,0,0,0,0,0,0,0,1,0,0,1,0,COMPLETE,True,True,,
evosuite-clean-200-part-2,48,125645968,125645968_29.json,125645968_29,https://github.com/sharplab/spring-security-webauthn,WebAuthnSecurityExpression,webauthn4j-spring-security-core/src/main/java/com/webauthn4j/springframework/security/WebAuthnSecurityExpression.java,com.webauthn4j.springframework.security.WebAuthnSecurityExpression,42,1.2.0,GENERATION_FAILED,generation,"r.java:79)
	at org.evosuite.setup.DependencyAnalysis.initInheritanceTree(DependencyAnalysis.java:75)
	at org.evosuite.TestSuiteGenerator.initializeTargetClass(TestSuiteGenerator.java:93)
	at org.evosuite.TestSuiteGenerator.generateTestSuite(TestSuiteGenerator.java:135)
	at org.evosuite.rmi.service.ClientNodeImpl.lambda$startNewSearch$0(ClientNodeImpl.java:140)
	at java.base/java.util.concurrent.Executors$RunnableAdapter.call(Executors.java:539)
	at java.base/java.util.concurrent.FutureTask.run(FutureTask.java:264)
	at java.base/java.util.concurrent.ThreadPoolExecutor.runWorker(ThreadPoolExecutor.java:1136)
	at java.base/java.util.concurrent.ThreadPoolExecutor$Worker.run(ThreadPoolExecutor.java:635)
	at java.base/java.lang.Thread.run(Thread.java:840)
* Computation finished
[MASTER] 13:44:05.140 [main] ERROR SearchStatistics - No statistics has been saved because EvoSuite failed to generate any test case
[MASTER] 13:44:05.242 [main] ERROR TestGeneration - failed to write statistics data
",MODULE_TESTS_PASSED,True,gradle,webauthn4j-spring-security-core,17,D:\ki9\SEP490\ArrowCode\ARROW-paper\ARROW\Java-version\java-17,True,True,0,False,0,0,0,False,False,False,False,,,,220.578,3.765,5.344,,,238.875,D:\ki9\SEP490\ArrowCode\ARROW-paper\ARROW\runs\e\p2\s\125645968_29\s42,2026-08-24T06:44:05.286031+00:00,2026-08-24T06:44:05.286031+00:00,False,NOT_APPLICABLE_INVALID,,,,,,,,,,,,,,,,,,,,,,,,,,,,False,False,NOT_APPLICABLE_INVALID,False,,,,,,,,,,,,,,,,,,,,,,,,,,,,GENERATION_INVALID,False,True,EvoSuite status=GENERATION_FAILED,workspace cleanup: FileNotFoundError: [WinError 3] The system cannot find the path specified: 'D:\\ki9\\SEP490\\ArrowCode\\ARROW-paper\\ARROW\\runs\\e\\p2\\s\\125645968_29\\bw\\webauthn4j-spring-security-core\\build\\classes\\java\\main\\com\\webauthn4j\\springframework\\security\\config\\configurers\\WebAuthnLoginConfigurer$AssertionOptionsEndpointConfig$AuthenticationExtensionsClientInputsConfig.class'
evosuite-clean-200-part-2,53,88632627,88632627_96.json,88632627_96,https://github.com/headwirecom/peregrine-cms,XMLBuilder,platform/base/core/src/main/java/com/peregrine/sitemap/XMLBuilder.java,,42,1.2.0,TOOL_ERROR,setup,"Error: [('D:\\ki9\\SEP490\\ArrowCode\\ARROW-paper\\ARROW\\repos\\88632627\\platform\\distribution\\src\\main\\resources\\SLING-CONTENT\\libs\\sling\\distribution\\install\\org.apache.sling.distribution.agent.impl.PrivilegeDistributionRequestAuthorizationStrategyFactory-default.json', 'D:\\ki9\\SEP490\\ArrowCode\\ARROW-paper\\ARROW\\runs\\e\\p2\\s\\88632627_96\\bw\\platform\\distribution\\src\\main\\resources\\SLING-CONTENT\\libs\\sling\\distribution\\install\\org.apache.sling.distribution.agent.impl.PrivilegeDistributionRequestAuthorizationStrategyFactory-default.json', ""[Errno 2] No such file or directory: 'D:\\\\ki9\\\\SEP490\\\\ArrowCode\\\\ARROW-paper\\\\ARROW\\\\runs\\\\e\\\\p2\\\\s\\\\88632627_96\\\\bw\\\\platform\\\\distribution\\\\src\\\\main\\\\resources\\\\SLING-CONTENT\\\\libs\\\\sling\\\\distribution\\\\install\\\\org.apache.sling.distribution.agent.impl.PrivilegeDistributionRequestAuthorizationStrategyFactory-default.json'""), ('D:\\ki9\\SEP490\\ArrowCode\\ARROW-paper\\ARROW\\repos\\88632627\\platform\\distribution\\src\\main\\resources\\SLING-CONTENT\\libs\\sling\\distribution\\install\\resources\\services\\org.apache.sling.distribution.resources.impl.DistributionServiceResourceProviderFactory-agents.json', 'D:\\ki9\\SEP490\\ArrowCode\\ARROW-paper\\ARROW\\runs\\e\\p2\\s\\88632627_96\\bw\\platform\\distribution\\src\\main\\resources\\SLING-CONTENT\\libs\\sling\\distribution\\install\\resources\\services\\org.apache.sling.distribution.resources.impl.DistributionServiceResourceProviderFactory-agents.json', ""[Errno 2] No such file or directory: 'D:\\\\ki9\\\\SEP490\\\\ArrowCode\\\\ARROW-paper\\\\ARROW\\\\repos\\\\88632627\\\\platform\\\\distribution\\\\src\\\\main\\\\resources\\\\SLING-CONTENT\\\\libs\\\\sling\\\\distribution\\\\install\\\\resources\\\\services\\\\org.apache.sling.distribution.resources.impl.DistributionServiceResourceProviderFactory-agents.json'""), ('D:\\ki9\\SEP490\\ArrowCode\\ARROW-paper\\ARROW\\repos\\88632627\\platform\\distribution\\src\\main\\resources\\SLING-CONTENT\\libs\\sling\\distribution\\install\\resources\\services\\org.apache.sling.distribution.resources.impl.DistributionServiceResourceProviderFactory-exporters.json', 'D:\\ki9\\SEP490\\ArrowCode\\ARROW-paper\\ARROW\\runs\\e\\p2\\s\\88632627_96\\bw\\platform\\distribution\\src\\main\\resources\\SLING-CONTENT\\libs\\sling\\distribution\\install\\resources\\services\\org.apache.sling.distribution.resources.impl.DistributionServiceResourceProviderFactory-exporters.json', ""[Errno 2] No such file or directory: 'D:\\\\ki9\\\\SEP490\\\\ArrowCode\\\\ARROW-paper\\\\ARROW\\\\repos\\\\88632627\\\\platform\\\\distribution\\\\src\\\\main\\\\resources\\\\SLING-CONTENT\\\\libs\\\\sling\\\\distribution\\\\install\\\\resources\\\\services\\\\org.apache.sling.distribution.resources.impl.DistributionServiceResourceProviderFactory-exporters.json'""), ('D:\\ki9\\SEP490\\ArrowCode\\ARROW-paper\\ARROW\\repos\\88632627\\platform\\distribution\\src\\main\\resources\\SLING-CONTENT\\libs\\sling\\distribution\\install\\resources\\services\\org.apache.sling.distribution.resources.impl.DistributionServiceResourceProviderFactory-importers.json', 'D:\\ki9\\SEP490\\ArrowCode\\ARROW-paper\\ARROW\\runs\\e\\p2\\s\\88632627_96\\bw\\platform\\distribution\\src\\main\\resources\\SLING-CONTENT\\libs\\sling\\distribution\\install\\resources\\services\\org.apache.sling.distribution.resources.impl.DistributionServiceResourceProviderFactory-importers.json', ""[Errno 2] No such file or directory: 'D:\\\\ki9\\\\SEP490\\\\ArrowCode\\\\ARROW-paper\\\\ARROW\\\\repos\\\\88632627\\\\platform\\\\distribution\\\\src\\\\main\\\\resources\\\\SLING-CONTENT\\\\libs\\\\sling\\\\distribution\\\\install\\\\resources\\\\services\\\\org.apache.sling.distribution.resources.impl.DistributionServiceResourceProviderFactory-importers.json'""), ('D:\\ki9\\SEP490\\ArrowCode\\ARROW-paper\\ARROW\\repos\\88632627\\platform\\distribution\\src\\main\\resources\\SLING-CONTENT\\libs\\sling\\distribution\\install\\resources\\services\\org.apache.sling.distribution.resources.impl.DistributionServiceResourceProviderFactory-triggers.json', 'D:\\ki9\\SEP490\\ArrowCode\\ARROW-paper\\ARROW\\runs\\e\\p2\\s\\88632627_96\\bw\\platform\\distribution\\src\\main\\resources\\SLING-CONTENT\\libs\\sling\\distribution\\install\\resources\\services\\org.apache.sling.distribution.resources.impl.DistributionServiceResourceProviderFactory-triggers.json', ""[Errno 2] No such file or directory: 'D:\\\\ki9\\\\SEP490\\\\ArrowCode\\\\ARROW-paper\\\\ARROW\\\\repos\\\\88632627\\\\platform\\\\distribution\\\\src\\\\main\\\\resources\\\\SLING-CONTENT\\\\libs\\\\sling\\\\distribution\\\\install\\\\resources\\\\services\\\\org.apache.sling.distribution.resources.impl.DistributionServiceResourceProviderFactory-triggers.json'""), ('D:\\ki9\\SEP490\\ArrowCode\\ARROW-paper\\ARROW\\repos\\88632627\\platform\\distribution\\src\\main\\resources\\SLING-CONTENT\\libs\\sling\\distribution\\install\\resources\\settings\\org.apache.sling.distribution.resources.impl.DistributionConfigurationResourceProviderFactory-agents.json', 'D:\\ki9\\SEP490\\ArrowCode\\ARROW-paper\\ARROW\\runs\\e\\p2\\s\\88632627_96\\bw\\platform\\distribution\\src\\main\\resources\\SLING-CONTENT\\libs\\sling\\distribution\\install\\resources\\settings\\org.apache.sling.distribution.resources.impl.DistributionConfigurationResourceProviderFactory-agents.json', ""[Errno 2] No such file or directory: 'D:\\\\ki9\\\\SEP490\\\\ArrowCode\\\\ARROW-paper\\\\ARROW\\\\repos\\\\88632627\\\\platform\\\\distribution\\\\src\\\\main\\\\resources\\\\SLING-CONTENT\\\\libs\\\\sling\\\\distribution\\\\install\\\\resources\\\\settings\\\\org.apache.sling.distribution.resources.impl.DistributionConfigurationResourceProviderFactory-agents.json'""), ('D:\\ki9\\SEP490\\ArrowCode\\ARROW-paper\\ARROW\\repos\\88632627\\platform\\distribution\\src\\main\\resources\\SLING-CONTENT\\libs\\sling\\distribution\\install.author\\org.apache.sling.distribution.transport.impl.UserCredentialsDistributionTransportSecretProvider-default.json', 'D:\\ki9\\SEP490\\ArrowCode\\ARROW-paper\\ARROW\\runs\\e\\p2\\s\\88632627_96\\bw\\platform\\distribution\\src\\main\\resources\\SLING-CONTENT\\libs\\sling\\distribution\\install.author\\org.apache.sling.distribution.transport.impl.UserCredentialsDistributionTransportSecretProvider-default.json', ""[Errno 2] No such file or directory: 'D:\\\\ki9\\\\SEP490\\\\ArrowCode\\\\ARROW-paper\\\\ARROW\\\\runs\\\\e\\\\p2\\\\s\\\\88632627_96\\\\bw\\\\platform\\\\distribution\\\\src\\\\main\\\\resources\\\\SLING-CONTENT\\\\libs\\\\sling\\\\distribution\\\\install.author\\\\org.apache.sling.distribution.transport.impl.UserCredentialsDistributionTransportSecretProvider-default.json'""), ('D:\\ki9\\SEP490\\ArrowCode\\ARROW-paper\\ARROW\\repos\\88632627\\platform\\distribution\\src\\main\\resources\\SLING-CONTENT\\libs\\sling\\distribution\\install.notshared\\org.apache.sling.distribution.serialization.impl.vlt.VaultDistributionPackageBuilderFactory-default.json', 'D:\\ki9\\SEP490\\ArrowCode\\ARROW-paper\\ARROW\\runs\\e\\p2\\s\\88632627_96\\bw\\platform\\distribution\\src\\main\\resources\\SLING-CONTENT\\libs\\sling\\distribution\\install.notshared\\org.apache.sling.distribution.serialization.impl.vlt.VaultDistributionPackageBuilderFactory-default.json', ""[Errno 2] No such file or directory: 'D:\\\\ki9\\\\SEP490\\\\ArrowCode\\\\ARROW-paper\\\\ARROW\\\\runs\\\\e\\\\p2\\\\s\\\\88632627_96\\\\bw\\\\platform\\\\distribution\\\\src\\\\main\\\\resources\\\\SLING-CONTENT\\\\libs\\\\sling\\\\distribution\\\\install.notshared\\\\org.apache.sling.distribution.serialization.impl.vlt.VaultDistributionPackageBuilderFactory-default.json'""), ('D:\\ki9\\SEP490\\ArrowCode\\ARROW-paper\\ARROW\\repos\\88632627\\platform\\distribution\\src\\main\\resources\\SLING-CONTENT\\libs\\sling\\distribution\\install.publish\\org.apache.sling.distribution.packaging.impl.exporter.LocalDistributionPackageExporterFactory-default.json', 'D:\\ki9\\SEP490\\ArrowCode\\ARROW-paper\\ARROW\\runs\\e\\p2\\s\\88632627_96\\bw\\platform\\distribution\\src\\main\\resources\\SLING-CONTENT\\libs\\sling\\distribution\\install.publish\\org.apache.sling.distribution.packaging.impl.exporter.LocalDistributionPackageExporterFactory-default.json', ""[Errno 2] No such file or directory: 'D:\\\\ki9\\\\SEP490\\\\ArrowCode\\\\ARROW-paper\\\\ARROW\\\\runs\\\\e\\\\p2\\\\s\\\\88632627_96\\\\bw\\\\platform\\\\distribution\\\\src\\\\main\\\\resources\\\\SLING-CONTENT\\\\libs\\\\sling\\\\distribution\\\\install.publish\\\\org.apache.sling.distribution.packaging.impl.exporter.LocalDistributionPackageExporterFactory-default.json'""), ('D:\\ki9\\SEP490\\ArrowCode\\ARROW-paper\\ARROW\\repos\\88632627\\platform\\distribution\\src\\main\\resources\\SLING-CONTENT\\libs\\sling\\distribution\\install.publish\\org.apache.sling.distribution.packaging.impl.importer.LocalDistributionPackageImporterFactory-default.json', 'D:\\ki9\\SEP490\\ArrowCode\\ARROW-paper\\ARROW\\runs\\e\\p2\\s\\88632627_96\\bw\\platform\\distribution\\src\\main\\resources\\SLING-CONTENT\\libs\\sling\\distribution\\install.publish\\org.apache.sling.distribution.packaging.impl.importer.LocalDistributionPackageImporterFactory-default.json', ""[Errno 2] No such file or directory: 'D:\\\\ki9\\\\SEP490\\\\ArrowCode\\\\ARROW-paper\\\\ARROW\\\\runs\\\\e\\\\p2\\\\s\\\\88632627_96\\\\bw\\\\platform\\\\distribution\\\\src\\\\main\\\\resources\\\\SLING-CONTENT\\\\libs\\\\sling\\\\distribution\\\\install.publish\\\\org.apache.sling.distribution.packaging.impl.importer.LocalDistributionPackageImporterFactory-default.json'""), ('D:\\ki9\\SEP490\\ArrowCode\\ARROW-paper\\ARROW\\repos\\88632627\\platform\\distribution\\src\\main\\resources\\SLING-CONTENT\\libs\\sling\\distribution\\install.shared\\org.apache.sling.distribution.serialization.impl.vlt.VaultDistributionPackageBuilderFactory-default.json', 'D:\\ki9\\SEP490\\ArrowCode\\ARROW-paper\\ARROW\\runs\\e\\p2\\s\\88632627_96\\bw\\platform\\distribution\\src\\main\\resources\\SLING-CONTENT\\libs\\sling\\distribution\\install.shared\\org.apache.sling.distribution.serialization.impl.vlt.VaultDistributionPackageBuilderFactory-default.json', ""[Errno 2] No such file or directory: 'D:\\\\ki9\\\\SEP490\\\\ArrowCode\\\\ARROW-paper\\\\ARROW\\\\runs\\\\e\\\\p2\\\\s\\\\88632627_96\\\\bw\\\\platform\\\\distribution\\\\src\\\\main\\\\resources\\\\SLING-CONTENT\\\\libs\\\\sling\\\\distribution\\\\install.shared\\\\org.apache.sling.distribution.serialization.impl.vlt.VaultDistributionPackageBuilderFactory-default.json'"")]",,False,,,,,False,False,,False,0,0,0,False,False,False,False,,,,,,,,,70.328,,2026-08-24T06:42:31.548336+00:00,2026-08-24T06:42:31.548336+00:00,False,NOT_APPLICABLE_INVALID,,,,,,,,,,,,,,,,,,,,,,,,,,,,False,False,NOT_APPLICABLE_INVALID,False,,,,,,,,,,,,,,,,,,,,,,,,,,,,INFRA_ERROR,False,False,EvoSuite status=TOOL_ERROR,repo cleanup: FileNotFoundError: [WinError 3] The system cannot find the path specified: 'D:\\ki9\\SEP490\\ArrowCode\\ARROW-paper\\ARROW\\repos\\88632627\\platform\\distribution\\src\\main\\resources\\SLING-CONTENT\\libs\\sling\\distribution\\install\\resources\\services\\org.apache.sling.distribution.resources.impl.DistributionServiceResourceProviderFactory-agents.json'
evosuite-clean-200-part-2,58,12117077,12117077_93.json,12117077_93,https://github.com/jeo/jeo,CQL,core/src/main/java/io/jeo/filter/cql/CQL.java,io.jeo.filter.cql.CQL,42,1.2.0,GENERATION_FAILED,generation,"r.java:79)
	at org.evosuite.setup.DependencyAnalysis.initInheritanceTree(DependencyAnalysis.java:75)
	at org.evosuite.TestSuiteGenerator.initializeTargetClass(TestSuiteGenerator.java:93)
	at org.evosuite.TestSuiteGenerator.generateTestSuite(TestSuiteGenerator.java:135)
	at org.evosuite.rmi.service.ClientNodeImpl.lambda$startNewSearch$0(ClientNodeImpl.java:140)
	at java.base/java.util.concurrent.Executors$RunnableAdapter.call(Executors.java:539)
	at java.base/java.util.concurrent.FutureTask.run(FutureTask.java:264)
	at java.base/java.util.concurrent.ThreadPoolExecutor.runWorker(ThreadPoolExecutor.java:1136)
	at java.base/java.util.concurrent.ThreadPoolExecutor$Worker.run(ThreadPoolExecutor.java:635)
	at java.base/java.lang.Thread.run(Thread.java:842)
* Computation finished
[MASTER] 13:43:11.851 [main] ERROR SearchStatistics - No statistics has been saved because EvoSuite failed to generate any test case
[MASTER] 13:43:11.953 [main] ERROR TestGeneration - failed to write statistics data
",MODULE_TESTS_PASSED,True,maven,core,src/main/jjtree,,True,True,0,False,0,0,0,False,False,False,False,,,,18.969,4.734,6.359,,,40.109,D:\ki9\SEP490\ArrowCode\ARROW-paper\ARROW\runs\e\p2\s\12117077_93\s42,2026-08-24T06:43:12.115279+00:00,2026-08-24T06:43:12.115279+00:00,False,NOT_APPLICABLE_INVALID,,,,,,,,,,,,,,,,,,,,,,,,,,,,False,False,NOT_APPLICABLE_INVALID,False,,,,,,,,,,,,,,,,,,,,,,,,,,,,GENERATION_INVALID,False,True,EvoSuite status=GENERATION_FAILED,
evosuite-clean-200-part-2,63,106459277,106459277_1.json,106459277_1,https://github.com/iovka/shex-java,DataExtractorConformant,shex/src/main/java/fr/inria/lille/shexjava/validation/DataExtractorConformant.java,fr.inria.lille.shexjava.validation.DataExtractorConformant,42,1.2.0,BASELINE_FAILED,baseline,"[error] /d:<path>:[line,col] cannot find symbol",COMPILE_FAILED,False,maven,shex,8,D:\ki9\SEP490\ArrowCode\ARROW-paper\ARROW\Java-version\java-8,False,False,,False,0,0,0,False,False,False,False,,,,70.766,,,,,78.141,,2026-08-24T06:44:30.402561+00:00,2026-08-24T06:44:30.402561+00:00,False,NOT_APPLICABLE_INVALID,,,,,,,,,,,,,,,,,,,,,,,,,,,,False,False,NOT_APPLICABLE_INVALID,False,,,,,,,,,,,,,,,,,,,,,,,,,,,,INFRA_ERROR,False,True,EvoSuite status=BASELINE_FAILED,
evosuite-clean-200-part-2,68,22970701,22970701_2.json,22970701_2,https://github.com/indeedeng/proctor-pipet,Extractor,proctor-pipet-core/src/main/java/com/indeed/proctor/pipet/core/var/Extractor.java,com.indeed.proctor.pipet.core.var.Extractor,42,1.2.0,GENERATION_FAILED,generation,"r.java:79)
	at org.evosuite.setup.DependencyAnalysis.initInheritanceTree(DependencyAnalysis.java:75)
	at org.evosuite.TestSuiteGenerator.initializeTargetClass(TestSuiteGenerator.java:93)
	at org.evosuite.TestSuiteGenerator.generateTestSuite(TestSuiteGenerator.java:135)
	at org.evosuite.rmi.service.ClientNodeImpl.lambda$startNewSearch$0(ClientNodeImpl.java:140)
	at java.base/java.util.concurrent.Executors$RunnableAdapter.call(Executors.java:539)
	at java.base/java.util.concurrent.FutureTask.run(FutureTask.java:264)
	at java.base/java.util.concurrent.ThreadPoolExecutor.runWorker(ThreadPoolExecutor.java:1136)
	at java.base/java.util.concurrent.ThreadPoolExecutor$Worker.run(ThreadPoolExecutor.java:635)
	at java.base/java.lang.Thread.run(Thread.java:842)
* Computation finished
[MASTER] 13:44:32.500 [main] ERROR SearchStatistics - No statistics has been saved because EvoSuite failed to generate any test case
[MASTER] 13:44:32.602 [main] ERROR TestGeneration - failed to write statistics data
",MODULE_TESTS_PASSED,True,maven,proctor-pipet-core,unknown,,True,True,0,False,0,0,0,False,False,False,False,,,,15.875,3.484,4.938,,,27.157,D:\ki9\SEP490\ArrowCode\ARROW-paper\ARROW\runs\e\p2\s\22970701_2\s42,2026-08-24T06:44:32.648700+00:00,2026-08-24T06:44:32.648700+00:00,False,NOT_APPLICABLE_INVALID,,,,,,,,,,,,,,,,,,,,,,,,,,,,False,False,NOT_APPLICABLE_INVALID,False,,,,,,,,,,,,,,,,,,,,,,,,,,,,GENERATION_INVALID,False,True,EvoSuite status=GENERATION_FAILED,
evosuite-clean-200-part-2,73,9797598,9797598_0.json,9797598_0,https://github.com/Unicon/cas-mfa,DefaultRegisteredServiceMfaRoleProcessorImpl,cas-mfa-java/src/main/java/net/unicon/cas/mfa/authentication/DefaultRegisteredServiceMfaRoleProcessorImpl.java,net.unicon.cas.mfa.authentication.DefaultRegisteredServiceMfaRoleProcessorImpl,42,1.2.0,TEST_FAILED,execution,"at net.unicon.cas.mfa.authentication.DefaultRegisteredServiceMfaRoleProcessorImpl_ESTest_scaffolding.doneWithTestCase(DefaultRegisteredServiceMfaRoleProcessorImpl_ESTest_scaffolding.java:66)
	... 36 trimmed
Caused by: org.evosuite.runtime.mock.java.lang.MockThrowable: Could not detect JBoss VFS infrastructure
	at org.springframework.core.io.VfsUtils.<clinit>(VfsUtils.java)
	... 45 more
Caused by: java.lang.ClassNotFoundException: Class 'org/jboss/vfs/VFS.class' should be in target project, but could not be found!
	at org.evosuite.runtime.instrumentation.EvoClassLoader.instrumentClass(EvoClassLoader.java:122)
	at org.evosuite.runtime.instrumentation.EvoClassLoader.loadClass(EvoClassLoader.java:91)
	... 46 more
Caused by: java.lang.ClassNotFoundException: Class 'org/jboss/vfs/VFS.class' should be in target project, but could not be found!
	at org.evosuite.runtime.instrumentation.EvoClassLoader.instrumentClass(EvoClassLoader.java:108)
	... 47 more

FAILURES!!!
Tests run: 1,  Failures: 1

",MODULE_TESTS_PASSED,True,maven,cas-mfa-java,7,D:\ki9\SEP490\ArrowCode\ARROW-paper\ARROW\Java-version\java-8,True,True,0,False,2,1,1,True,True,False,False,0.05714285714285714,70,4,77.094,3.859,147.547,0.859,3.656,237.218,D:\ki9\SEP490\ArrowCode\ARROW-paper\ARROW\runs\e\p2\s\9797598_0\s42,2026-08-24T06:48:27.702436+00:00,2026-08-24T06:48:27.702436+00:00,False,NOT_APPLICABLE_INVALID,,,,,,,,,,,,,,,,,,,,,,,,,,,,False,False,NOT_APPLICABLE_INVALID,False,,,,,,,,,,,,,,,,,,,,,,,,,,,,GENERATION_INVALID,False,True,EvoSuite status=TEST_FAILED,workspace cleanup: FileNotFoundError: [WinError 3] The system cannot find the path specified: 'D:\\ki9\\SEP490\\ArrowCode\\ARROW-paper\\ARROW\\runs\\e\\p2\\s\\9797598_0\\bw\\cas-mfa-java\\target\\test-classes\\net\\unicon\\cas\\mfa\\authentication\\principal\\PrincipalAttributeMultiFactorAuthenticationRequestResolverTests$__spock_initializeSharedFields_closure1$_closure3.class'
evosuite-clean-200-part-2,78,32954678,32954678_5.json,32954678_5,https://github.com/overture-stack/score,MD5s,score-core/src/main/java/bio/overture/score/core/util/MD5s.java,bio.overture.score.core.util.MD5s,42,1.2.0,VALID,,,MODULE_TESTS_PASSED,True,maven,score-core,11,D:\ki9\SEP490\ArrowCode\ARROW-paper\ARROW\Java-version\java-11,True,True,0,False,2,1,4,True,True,True,True,0.4,10,4,115.265,2.672,129.141,0.688,1.031,277.579,D:\ki9\SEP490\ArrowCode\ARROW-paper\ARROW\runs\e\p2\s\32954678_5\s42,2026-08-24T06:49:24.080397+00:00,2026-08-24T06:49:24.457072+00:00,True,COMPLETE,,,D:\ki9\SEP490\ArrowCode\ARROW-paper\ARROW\runs\e\p2\s\32954678_5\s42\t3,bio.overture.score.core.util.MD5s_ESTest,2,0,6,3,63,4.55,1,15,6.25,0,6,0.0,1,5,16.67,11,0,0,11,0,0,0.0,"{""NO_COVERAGE"": 11}",True,True,COMPLETE,True,,8,False,D:\ki9\SEP490\ArrowCode\ARROW-paper\ARROW\Java-version\java-11,D:\ki9\SEP490\ArrowCode\ARROW-paper\ARROW\runs\e\p2\s\32954678_5\s42\ts,D:\ki9\SEP490\ArrowCode\ARROW-paper\ARROW\runs\e\p2\s\32954678_5\s42\ts\Output_TestSmellDetection_1787554164218.csv,0,0,0,0,0,4,0,0,0,0,0,0,0,0,0,0,0,0,0,4,0,COMPLETE,True,True,,
evosuite-clean-200-part-2,83,29008657,29008657_5.json,29008657_5,https://github.com/AdamBien/porcupine,HttpHeaderStatisticInjector,porcupine-spy/src/main/java/com/airhacks/porcupine/interceptors/HttpHeaderStatisticInjector.java,com.airhacks.porcupine.interceptors.HttpHeaderStatisticInjector,42,1.2.0,GENERATION_FAILED,generation,"ang.ClassLoader.defineClass1(Native Method)
	at java.lang.ClassLoader.defineClass(ClassLoader.java:757)
	at java.lang.ClassLoader.defineClass(ClassLoader.java:636)
	at org.evosuite.instrumentation.InstrumentingClassLoader.instrumentClass(InstrumentingClassLoader.java:151)
	... 17 common frames omitted
Caused by: java.lang.ClassNotFoundException: javax.ws.rs.ext.WriterInterceptor
	at java.net.URLClassLoader.findClass(URLClassLoader.java:387)
	at java.lang.ClassLoader.loadClass(ClassLoader.java:419)
	at sun.misc.Launcher$AppClassLoader.loadClass(Launcher.java:352)
	at java.lang.ClassLoader.loadClass(ClassLoader.java:352)
	at org.evosuite.instrumentation.InstrumentingClassLoader.loadClass(InstrumentingClassLoader.java:117)
	... 21 common frames omitted
* Computation finished
[MASTER] 13:48:48.177 [main] ERROR SearchStatistics - No statistics has been saved because EvoSuite failed to generate any test case
[MASTER] 13:48:48.288 [main] ERROR TestGeneration - failed to write statistics data
",MODULE_TESTS_PASSED,True,maven,porcupine-spy,8,D:\ki9\SEP490\ArrowCode\ARROW-paper\ARROW\Java-version\java-8,True,True,0,False,0,0,0,False,False,False,False,,,,11.485,3.343,4.875,,,20.546,D:\ki9\SEP490\ArrowCode\ARROW-paper\ARROW\runs\e\p2\s\29008657_5\s42,2026-08-24T06:48:48.312583+00:00,2026-08-24T06:48:48.312583+00:00,False,NOT_APPLICABLE_INVALID,,,,,,,,,,,,,,,,,,,,,,,,,,,,False,False,NOT_APPLICABLE_INVALID,False,,,,,,,,,,,,,,,,,,,,,,,,,,,,GENERATION_INVALID,False,True,EvoSuite status=GENERATION_FAILED,
evosuite-clean-200-part-2,88,2685841,2685841_1326.json,2685841_1326,https://github.com/phenotips/phenotips,SolrPatientIndexer,components/patient-data/indexing/src/main/java/org/phenotips/data/indexing/internal/SolrPatientIndexer.java,org.phenotips.data.indexing.internal.SolrPatientIndexer,42,1.2.0,GENERATION_FAILED,generation,FileNotFoundError: [WinError 206] The filename or extension is too long,MODULE_TESTS_PASSED,True,maven,components\patient-data\indexing,8,D:\ki9\SEP490\ArrowCode\ARROW-paper\ARROW\Java-version\java-8,True,True,,False,0,0,0,False,False,False,False,,,,484.187,25.11,0.0,,,591.844,D:\ki9\SEP490\ArrowCode\ARROW-paper\ARROW\runs\e\p2\s\2685841_1326\s42,2026-08-24T06:58:40.905570+00:00,2026-08-24T06:58:40.905570+00:00,False,NOT_APPLICABLE_INVALID,,,,,,,,,,,,,,,,,,,,,,,,,,,,False,False,NOT_APPLICABLE_INVALID,False,,,,,,,,,,,,,,,,,,,,,,,,,,,,GENERATION_INVALID,False,True,EvoSuite status=GENERATION_FAILED,
evosuite-clean-200-part-2,93,156613410,156613410_5.json,156613410_5,https://github.com/dinject/dinject,GenericType,inject-generator/src/main/java/io/avaje/inject/generator/GenericType.java,io.avaje.inject.generator.GenericType,42,1.2.0,GENERATION_FAILED,generation,"r.java:79)
	at org.evosuite.setup.DependencyAnalysis.initInheritanceTree(DependencyAnalysis.java:75)
	at org.evosuite.TestSuiteGenerator.initializeTargetClass(TestSuiteGenerator.java:93)
	at org.evosuite.TestSuiteGenerator.generateTestSuite(TestSuiteGenerator.java:135)
	at org.evosuite.rmi.service.ClientNodeImpl.lambda$startNewSearch$0(ClientNodeImpl.java:140)
	at java.base/java.util.concurrent.Executors$RunnableAdapter.call(Executors.java:539)
	at java.base/java.util.concurrent.FutureTask.run(FutureTask.java:264)
	at java.base/java.util.concurrent.ThreadPoolExecutor.runWorker(ThreadPoolExecutor.java:1136)
	at java.base/java.util.concurrent.ThreadPoolExecutor$Worker.run(ThreadPoolExecutor.java:635)
	at java.base/java.lang.Thread.run(Thread.java:842)
* Computation finished
[MASTER] 13:50:00.538 [main] ERROR SearchStatistics - No statistics has been saved because EvoSuite failed to generate any test case
[MASTER] 13:50:00.638 [main] ERROR TestGeneration - failed to write statistics data
",MODULE_TESTS_PASSED,True,maven,inject-generator,unknown,,True,True,0,False,0,0,0,False,False,False,False,,,,17.672,3.484,4.672,,,36.125,D:\ki9\SEP490\ArrowCode\ARROW-paper\ARROW\runs\e\p2\s\156613410_5\s42,2026-08-24T06:50:00.809214+00:00,2026-08-24T06:50:00.809214+00:00,False,NOT_APPLICABLE_INVALID,,,,,,,,,,,,,,,,,,,,,,,,,,,,False,False,NOT_APPLICABLE_INVALID,False,,,,,,,,,,,,,,,,,,,,,,,,,,,,GENERATION_INVALID,False,True,EvoSuite status=GENERATION_FAILED,
evosuite-clean-200-part-2,98,33766200,33766200_0.json,33766200_0,https://github.com/apache/incubator-retired-openaz,Policy,openaz-xacml-pdp/src/main/java/org/apache/openaz/xacml/pdp/policy/Policy.java,org.apache.openaz.xacml.pdp.policy.Policy,42,1.2.0,VALID,,,MODULE_TESTS_PASSED,True,maven,openaz-xacml-pdp,7,D:\ki9\SEP490\ArrowCode\ARROW-paper\ARROW\Java-version\java-8,True,True,0,False,2,1,18,True,True,True,True,0.5205479452054794,73,38,18.641,2.828,190.797,0.5,1.593,242.343,D:\ki9\SEP490\ArrowCode\ARROW-paper\ARROW\runs\e\p2\s\33766200_0\s42,2026-08-24T06:54:28.017529+00:00,2026-08-24T06:54:28.476268+00:00,True,COMPLETE,,,D:\ki9\SEP490\ArrowCode\ARROW-paper\ARROW\runs\e\p2\s\33766200_0\s42\t3,org.apache.openaz.xacml.pdp.policy.Policy_ESTest,2,0,7,302,123,71.06,70,28,71.43,17,25,40.48,23,2,92.0,42,11,15,16,0,0,26.19,"{""KILLED"": 11, ""NO_COVERAGE"": 16, ""SURVIVED"": 15}",True,True,COMPLETE,True,,66,False,D:\ki9\SEP490\ArrowCode\ARROW-paper\ARROW\Java-version\java-11,D:\ki9\SEP490\ArrowCode\ARROW-paper\ARROW\runs\e\p2\s\33766200_0\s42\ts,D:\ki9\SEP490\ArrowCode\ARROW-paper\ARROW\runs\e\p2\s\33766200_0\s42\ts\Output_TestSmellDetection_1787554468157.csv,0,0,0,0,0,18,0,0,0,0,0,0,0,11,19,0,0,0,0,18,0,COMPLETE,True,True,,
evosuite-clean-200-part-2,103,157564875,157564875_10.json,157564875_10,https://github.com/mediatoolkit/pareco,DirectoryStructureReader,pareco-core/src/main/java/com/mediatoolkit/pareco/components/DirectoryStructureReader.java,com.mediatoolkit.pareco.components.DirectoryStructureReader,42,1.2.0,BASELINE_FAILED,baseline,java.lang.assertionerror:,COMPILE_FAILED,False,maven,pareco-core,8,D:\ki9\SEP490\ArrowCode\ARROW-paper\ARROW\Java-version\java-8,False,False,,False,0,0,0,False,False,False,False,,,,17.781,,,,,20.953,,2026-08-24T06:54:49.765558+00:00,2026-08-24T06:54:49.765558+00:00,False,NOT_APPLICABLE_INVALID,,,,,,,,,,,,,,,,,,,,,,,,,,,,False,False,NOT_APPLICABLE_INVALID,False,,,,,,,,,,,,,,,,,,,,,,,,,,,,INFRA_ERROR,False,True,EvoSuite status=BASELINE_FAILED,
evosuite-clean-200-part-2,108,206452,206452_0.json,206452_0,https://github.com/apache/roller,PropertyExpander,app/src/main/java/org/apache/roller/util/PropertyExpander.java,org.apache.roller.util.PropertyExpander,42,1.2.0,VALID,,,MODULE_TESTS_PASSED,True,maven,app,11,D:\ki9\SEP490\ArrowCode\ARROW-paper\ARROW\Java-version\java-11,True,True,0,False,2,1,2,True,True,True,True,0.8571428571428571,7,6,131.468,5.516,136.266,1.219,1.641,290.718,D:\ki9\SEP490\ArrowCode\ARROW-paper\ARROW\runs\e\p2\s\206452_0\s42,2026-08-24T07:01:10.301393+00:00,2026-08-24T07:01:10.686444+00:00,True,COMPLETE,,,D:\ki9\SEP490\ArrowCode\ARROW-paper\ARROW\runs\e\p2\s\206452_0\s42\t3,org.apache.roller.util.PropertyExpander_ESTest,2,109,116,58,0,100.0,16,0,100.0,5,1,83.33,3,0,100.0,6,5,1,0,0,0,83.33,"{""KILLED"": 5, ""SURVIVED"": 1}",True,True,COMPLETE,True,,7,False,D:\ki9\SEP490\ArrowCode\ARROW-paper\ARROW\Java-version\java-11,D:\ki9\SEP490\ArrowCode\ARROW-paper\ARROW\runs\e\p2\s\206452_0\s42\ts,D:\ki9\SEP490\ArrowCode\ARROW-paper\ARROW\runs\e\p2\s\206452_0\s42\ts\Output_TestSmellDetection_1787554870430.csv,1,0,0,0,0,2,0,0,0,0,0,0,0,0,2,0,0,0,0,2,0,COMPLETE,True,True,,
evosuite-clean-200-part-2,113,13379760,13379760_1.json,13379760_1,https://github.com/Multibit-Legacy/multibit-hd,BackupSummaryDescendingComparator,mbhd-core/src/main/java/org/multibit/hd/core/dto/comparators/BackupSummaryDescendingComparator.java,org.multibit.hd.core.dto.comparators.BackupSummaryDescendingComparator,42,1.2.0,BASELINE_FAILED,baseline,tests in error:,COMPILE_FAILED,False,maven,mbhd-core,7,D:\ki9\SEP490\ArrowCode\ARROW-paper\ARROW\Java-version\java-8,False,False,,False,0,0,0,False,False,False,False,,,,282.547,,,,,298.625,,2026-08-24T07:03:40.386322+00:00,2026-08-24T07:03:40.386322+00:00,False,NOT_APPLICABLE_INVALID,,,,,,,,,,,,,,,,,,,,,,,,,,,,False,False,NOT_APPLICABLE_INVALID,False,,,,,,,,,,,,,,,,,,,,,,,,,,,,INFRA_ERROR,False,True,EvoSuite status=BASELINE_FAILED,
evosuite-clean-200-part-2,118,160731309,160731309_175.json,160731309_175,https://github.com/neow3j/neow3j,Request,core/src/main/java/io/neow3j/protocol/core/Request.java,io.neow3j.protocol.core.Request,42,1.2.0,GENERATION_FAILED,generation,"erator.createFromClassPath(InheritanceTreeGenerator.java:98)
	at org.evosuite.setup.DependencyAnalysis.initInheritanceTree(DependencyAnalysis.java:75)
	at org.evosuite.TestSuiteGenerator.initializeTargetClass(TestSuiteGenerator.java:93)
	at org.evosuite.TestSuiteGenerator.generateTestSuite(TestSuiteGenerator.java:135)
	at org.evosuite.rmi.service.ClientNodeImpl.lambda$startNewSearch$0(ClientNodeImpl.java:140)
	at java.util.concurrent.Executors$RunnableAdapter.call(Executors.java:511)
	at java.util.concurrent.FutureTask.run(FutureTask.java:266)
	at java.util.concurrent.ThreadPoolExecutor.runWorker(ThreadPoolExecutor.java:1149)
	at java.util.concurrent.ThreadPoolExecutor$Worker.run(ThreadPoolExecutor.java:624)
	at java.lang.Thread.run(Thread.java:750)
* Computation finished
[MASTER] 14:05:08.529 [main] ERROR SearchStatistics - No statistics has been saved because EvoSuite failed to generate any test case
[MASTER] 14:05:08.636 [main] ERROR TestGeneration - failed to write statistics data
",MODULE_TESTS_PASSED,True,gradle,core,8,D:\ki9\SEP490\ArrowCode\ARROW-paper\ARROW\Java-version\java-8,True,True,0,False,0,0,0,False,False,False,False,,,,217.64,2.688,6.718,,,237.828,D:\ki9\SEP490\ArrowCode\ARROW-paper\ARROW\runs\e\p2\s\160731309_175\s42,2026-08-24T07:05:08.990439+00:00,2026-08-24T07:05:08.990439+00:00,False,NOT_APPLICABLE_INVALID,,,,,,,,,,,,,,,,,,,,,,,,,,,,False,False,NOT_APPLICABLE_INVALID,False,,,,,,,,,,,,,,,,,,,,,,,,,,,,GENERATION_INVALID,False,True,EvoSuite status=GENERATION_FAILED,
evosuite-clean-200-part-2,123,53649949,53649949_16.json,53649949_16,https://github.com/apache/aries-rsa,RemoteServiceAdminCore,rsa/src/main/java/org/apache/aries/rsa/core/RemoteServiceAdminCore.java,org.apache.aries.rsa.core.RemoteServiceAdminCore,42,1.2.0,GENERATION_FAILED,generation,"r.java:79)
	at org.evosuite.setup.DependencyAnalysis.initInheritanceTree(DependencyAnalysis.java:75)
	at org.evosuite.TestSuiteGenerator.initializeTargetClass(TestSuiteGenerator.java:93)
	at org.evosuite.TestSuiteGenerator.generateTestSuite(TestSuiteGenerator.java:135)
	at org.evosuite.rmi.service.ClientNodeImpl.lambda$startNewSearch$0(ClientNodeImpl.java:140)
	at java.base/java.util.concurrent.Executors$RunnableAdapter.call(Executors.java:539)
	at java.base/java.util.concurrent.FutureTask.run(FutureTask.java:264)
	at java.base/java.util.concurrent.ThreadPoolExecutor.runWorker(ThreadPoolExecutor.java:1136)
	at java.base/java.util.concurrent.ThreadPoolExecutor$Worker.run(ThreadPoolExecutor.java:635)
	at java.base/java.lang.Thread.run(Thread.java:842)
* Computation finished
[MASTER] 14:05:29.829 [main] ERROR SearchStatistics - No statistics has been saved because EvoSuite failed to generate any test case
[MASTER] 14:05:29.932 [main] ERROR TestGeneration - failed to write statistics data
",MODULE_TESTS_PASSED,True,maven,rsa,unknown,,True,True,0,False,0,0,0,False,False,False,False,,,,16.344,5.265,4.157,,,109.391,D:\ki9\SEP490\ArrowCode\ARROW-paper\ARROW\runs\e\p2\s\53649949_16\s42,2026-08-24T07:05:30.019468+00:00,2026-08-24T07:05:30.019468+00:00,False,NOT_APPLICABLE_INVALID,,,,,,,,,,,,,,,,,,,,,,,,,,,,False,False,NOT_APPLICABLE_INVALID,False,,,,,,,,,,,,,,,,,,,,,,,,,,,,GENERATION_INVALID,False,True,EvoSuite status=GENERATION_FAILED,
evosuite-clean-200-part-2,128,52228869,52228869_0.json,52228869_0,https://github.com/mindmill/ladon-s3-server,AuthKeyGen,ladon-s3-server/src/main/java/de/mc/ladon/s3server/auth/AuthKeyGen.java,de.mc.ladon.s3server.auth.AuthKeyGen,42,1.2.0,GENERATION_TIMEOUT,generation,EvoSuite process timeout,MODULE_TESTS_PASSED,True,maven,ladon-s3-server,21,D:\ki9\SEP490\ArrowCode\ARROW-paper\ARROW\Java-version\java-21,True,True,1,True,0,0,0,False,False,False,False,,,,27.078,5.25,300.25,,,338.0,D:\ki9\SEP490\ArrowCode\ARROW-paper\ARROW\runs\e\p2\s\52228869_0\s42,2026-08-24T07:10:47.311142+00:00,2026-08-24T07:10:47.311142+00:00,False,NOT_APPLICABLE_INVALID,,,,,,,,,,,,,,,,,,,,,,,,,,,,False,False,NOT_APPLICABLE_INVALID,False,,,,,,,,,,,,,,,,,,,,,,,,,,,,INFRA_ERROR,False,True,EvoSuite status=GENERATION_TIMEOUT,
evosuite-clean-200-part-2,133,2432524,2432524_4.json,2432524_4,https://github.com/opensagres/xdocreport,StylesHelper,document/fr.opensagres.xdocreport.document/src/main/java/fr/opensagres/xdocreport/document/textstyling/html/StylesHelper.java,fr.opensagres.xdocreport.document.textstyling.html.StylesHelper,42,1.2.0,GENERATION_FAILED,generation,"r.java:79)
	at org.evosuite.setup.DependencyAnalysis.initInheritanceTree(DependencyAnalysis.java:75)
	at org.evosuite.TestSuiteGenerator.initializeTargetClass(TestSuiteGenerator.java:93)
	at org.evosuite.TestSuiteGenerator.generateTestSuite(TestSuiteGenerator.java:135)
	at org.evosuite.rmi.service.ClientNodeImpl.lambda$startNewSearch$0(ClientNodeImpl.java:140)
	at java.base/java.util.concurrent.Executors$RunnableAdapter.call(Executors.java:539)
	at java.base/java.util.concurrent.FutureTask.run(FutureTask.java:264)
	at java.base/java.util.concurrent.ThreadPoolExecutor.runWorker(ThreadPoolExecutor.java:1136)
	at java.base/java.util.concurrent.ThreadPoolExecutor$Worker.run(ThreadPoolExecutor.java:635)
	at java.base/java.lang.Thread.run(Thread.java:840)
* Computation finished
[MASTER] 14:06:41.833 [main] ERROR SearchStatistics - No statistics has been saved because EvoSuite failed to generate any test case
[MASTER] 14:06:41.936 [main] ERROR TestGeneration - failed to write statistics data
",MODULE_TESTS_PASSED,True,maven,document\fr.opensagres.xdocreport.document,17,D:\ki9\SEP490\ArrowCode\ARROW-paper\ARROW\Java-version\java-17,True,True,0,False,0,0,0,False,False,False,False,,,,27.829,5.312,4.016,,,71.828,D:\ki9\SEP490\ArrowCode\ARROW-paper\ARROW\runs\e\p2\s\2432524_4\s42,2026-08-24T07:06:42.338278+00:00,2026-08-24T07:06:42.338278+00:00,False,NOT_APPLICABLE_INVALID,,,,,,,,,,,,,,,,,,,,,,,,,,,,False,False,NOT_APPLICABLE_INVALID,False,,,,,,,,,,,,,,,,,,,,,,,,,,,,GENERATION_INVALID,False,True,EvoSuite status=GENERATION_FAILED,
evosuite-clean-200-part-2,138,100135378,100135378_6.json,100135378_6,https://github.com/joffrey-bion/livedoc,Defaults,livedoc-core/src/main/java/org/hildan/livedoc/core/util/Defaults.java,org.hildan.livedoc.core.util.Defaults,42,1.2.0,VALID,,,MODULE_TESTS_PASSED,True,gradle,livedoc-core,unknown,D:\ki9\SEP490\ArrowCode\ARROW-paper\ARROW\Java-version\java-11,True,True,0,False,2,1,3,True,True,True,True,1.0,3,3,99.141,2.656,9.125,0.703,1.0,119.219,D:\ki9\SEP490\ArrowCode\ARROW-paper\ARROW\runs\e\p2\s\100135378_6\s42,2026-08-24T07:08:56.200972+00:00,2026-08-24T07:08:56.596705+00:00,True,COMPLETE,,,D:\ki9\SEP490\ArrowCode\ARROW-paper\ARROW\runs\e\p2\s\100135378_6\s42\t3,org.hildan.livedoc.core.util.Defaults_ESTest,2,0,27,64,0,100.0,14,0,100.0,2,0,100.0,3,0,100.0,2,0,2,0,0,0,0.0,"{""SURVIVED"": 2}",True,True,COMPLETE,True,,8,False,D:\ki9\SEP490\ArrowCode\ARROW-paper\ARROW\Java-version\java-11,D:\ki9\SEP490\ArrowCode\ARROW-paper\ARROW\runs\e\p2\s\100135378_6\s42\ts,D:\ki9\SEP490\ArrowCode\ARROW-paper\ARROW\runs\e\p2\s\100135378_6\s42\ts\Output_TestSmellDetection_1787555336335.csv,0,0,0,0,0,3,0,0,0,0,0,0,0,0,2,0,0,0,0,3,0,COMPLETE,True,True,,
evosuite-clean-200-part-2,143,10808572,10808572_54.json,10808572_54,https://github.com/davidmoten/geo,Base32,geo/src/main/java/com/github/davidmoten/geo/Base32.java,com.github.davidmoten.geo.Base32,42,1.2.0,VALID,,,MODULE_TESTS_PASSED,True,maven,geo,8,D:\ki9\SEP490\ArrowCode\ARROW-paper\ARROW\Java-version\java-8,True,True,0,False,2,1,5,True,True,True,True,1.0,21,21,13.297,2.688,42.828,0.422,0.937,62.141,D:\ki9\SEP490\ArrowCode\ARROW-paper\ARROW\runs\e\p2\s\10808572_54\s42,2026-08-24T07:10:17.879910+00:00,2026-08-24T07:10:18.260916+00:00,True,COMPLETE,,,D:\ki9\SEP490\ArrowCode\ARROW-paper\ARROW\runs\e\p2\s\10808572_54\s42\t3,com.github.davidmoten.geo.Base32_ESTest,2,1,7,340,0,100.0,43,0,100.0,22,0,100.0,6,0,100.0,34,30,4,0,0,0,88.24,"{""KILLED"": 30, ""SURVIVED"": 4}",True,True,COMPLETE,True,,15,False,D:\ki9\SEP490\ArrowCode\ARROW-paper\ARROW\Java-version\java-11,D:\ki9\SEP490\ArrowCode\ARROW-paper\ARROW\runs\e\p2\s\10808572_54\s42\ts,D:\ki9\SEP490\ArrowCode\ARROW-paper\ARROW\runs\e\p2\s\10808572_54\s42\ts\Output_TestSmellDetection_1787555418004.csv,0,0,0,0,0,5,0,0,0,0,0,0,0,0,5,0,0,0,0,5,0,COMPLETE,True,True,,
evosuite-clean-200-part-2,148,197277844,197277844_0.json,197277844_0,https://github.com/scholzj/kafka-kubernetes-authenticator,OAuthBearerTokenImpl,authenticator-common/src/main/java/io/strimzi/kafka/kubernetes/authenticator/OAuthBearerTokenImpl.java,io.strimzi.kafka.kubernetes.authenticator.OAuthBearerTokenImpl,42,1.2.0,GENERATION_FAILED,generation,"r.java:79)
	at org.evosuite.setup.DependencyAnalysis.initInheritanceTree(DependencyAnalysis.java:75)
	at org.evosuite.TestSuiteGenerator.initializeTargetClass(TestSuiteGenerator.java:93)
	at org.evosuite.TestSuiteGenerator.generateTestSuite(TestSuiteGenerator.java:135)
	at org.evosuite.rmi.service.ClientNodeImpl.lambda$startNewSearch$0(ClientNodeImpl.java:140)
	at java.base/java.util.concurrent.Executors$RunnableAdapter.call(Executors.java:539)
	at java.base/java.util.concurrent.FutureTask.run(FutureTask.java:264)
	at java.base/java.util.concurrent.ThreadPoolExecutor.runWorker(ThreadPoolExecutor.java:1136)
	at java.base/java.util.concurrent.ThreadPoolExecutor$Worker.run(ThreadPoolExecutor.java:635)
	at java.base/java.lang.Thread.run(Thread.java:842)
* Computation finished
[MASTER] 14:10:32.951 [main] ERROR SearchStatistics - No statistics has been saved because EvoSuite failed to generate any test case
[MASTER] 14:10:33.054 [main] ERROR TestGeneration - failed to write statistics data
",MODULE_TESTS_PASSED,True,maven,authenticator-common,${maven.compiler.source},,True,True,0,False,0,0,0,False,False,False,False,,,,5.953,2.766,4.0,,,14.797,D:\ki9\SEP490\ArrowCode\ARROW-paper\ARROW\runs\e\p2\s\197277844_0\s42,2026-08-24T07:10:33.081036+00:00,2026-08-24T07:10:33.081036+00:00,False,NOT_APPLICABLE_INVALID,,,,,,,,,,,,,,,,,,,,,,,,,,,,False,False,NOT_APPLICABLE_INVALID,False,,,,,,,,,,,,,,,,,,,,,,,,,,,,GENERATION_INVALID,False,True,EvoSuite status=GENERATION_FAILED,
evosuite-clean-200-part-2,153,27824737,27824737_0.json,27824737_0,https://github.com/sing-group/GC4S,MatrixUtils,gc4s/src/main/java/org/sing_group/gc4s/utilities/MatrixUtils.java,org.sing_group.gc4s.utilities.MatrixUtils,42,1.2.0,VALID,,,MODULE_TESTS_PASSED,True,maven,gc4s,8,D:\ki9\SEP490\ArrowCode\ARROW-paper\ARROW\Java-version\java-8,True,True,0,False,2,1,16,True,True,True,True,0.925,40,37,33.672,3.75,187.61,0.516,2.563,234.234,D:\ki9\SEP490\ArrowCode\ARROW-paper\ARROW\runs\e\p2\s\27824737_0\s42,2026-08-24T07:15:07.882183+00:00,2026-08-24T07:15:08.402955+00:00,True,COMPLETE,,,D:\ki9\SEP490\ArrowCode\ARROW-paper\ARROW\runs\e\p2\s\27824737_0\s42\t3,org.sing_group.gc4s.utilities.MatrixUtils_ESTest,2,3,9,315,20,94.03,53,4,92.98,31,3,91.18,17,1,94.44,57,27,29,1,0,0,47.37,"{""KILLED"": 27, ""NO_COVERAGE"": 1, ""SURVIVED"": 29}",True,True,COMPLETE,True,,43,False,D:\ki9\SEP490\ArrowCode\ARROW-paper\ARROW\Java-version\java-11,D:\ki9\SEP490\ArrowCode\ARROW-paper\ARROW\runs\e\p2\s\27824737_0\s42\ts,D:\ki9\SEP490\ArrowCode\ARROW-paper\ARROW\runs\e\p2\s\27824737_0\s42\ts\Output_TestSmellDetection_1787555708054.csv,0,0,0,0,0,16,0,0,0,0,0,0,0,0,11,0,0,0,0,16,0,COMPLETE,True,True,,
evosuite-clean-200-part-2,158,4026983,4026983_0.json,4026983_0,https://github.com/Raisa/Raisa,ControlMessage,raisavis/src/main/java/raisa/comms/ControlMessage.java,raisa.comms.ControlMessage,42,1.2.0,VALID,,,MODULE_TESTS_PASSED,True,maven,raisavis,7,D:\ki9\SEP490\ArrowCode\ARROW-paper\ARROW\Java-version\java-8,True,True,0,False,2,1,22,True,True,True,True,1.0,40,40,9.359,3.266,74.328,0.563,1.828,93.844,D:\ki9\SEP490\ArrowCode\ARROW-paper\ARROW\runs\e\p2\s\4026983_0\s42,2026-08-24T07:12:41.088821+00:00,2026-08-24T07:12:41.620418+00:00,True,COMPLETE,,,D:\ki9\SEP490\ArrowCode\ARROW-paper\ARROW\runs\e\p2\s\4026983_0\s42\t3,raisa.comms.ControlMessage_ESTest,2,17,23,361,8,97.83,56,1,98.25,20,0,100.0,24,1,96.0,50,48,1,1,0,0,96.0,"{""KILLED"": 48, ""NO_COVERAGE"": 1, ""SURVIVED"": 1}",True,True,COMPLETE,True,,234,False,D:\ki9\SEP490\ArrowCode\ARROW-paper\ARROW\Java-version\java-11,D:\ki9\SEP490\ArrowCode\ARROW-paper\ARROW\runs\e\p2\s\4026983_0\s42\ts,D:\ki9\SEP490\ArrowCode\ARROW-paper\ARROW\runs\e\p2\s\4026983_0\s42\ts\Output_TestSmellDetection_1787555561229.csv,18,0,0,0,0,22,0,0,0,0,0,0,0,19,153,0,0,0,0,22,0,COMPLETE,True,True,,
evosuite-clean-200-part-2,163,75939912,75939912_0.json,75939912_0,https://github.com/AdamBien/firehose,Extractor,firehose/src/main/java/com/airhacks/firehose/extractor/control/Extractor.java,com.airhacks.firehose.extractor.control.Extractor,42,1.2.0,GENERATION_FAILED,generation,"g.ClassLoader.defineClass1(Native Method)
	at java.lang.ClassLoader.defineClass(ClassLoader.java:757)
	at java.lang.ClassLoader.defineClass(ClassLoader.java:636)
	at org.evosuite.instrumentation.InstrumentingClassLoader.instrumentClass(InstrumentingClassLoader.java:151)
	... 17 common frames omitted
Caused by: java.lang.ClassNotFoundException: javax.ws.rs.WebApplicationException
	at java.net.URLClassLoader.findClass(URLClassLoader.java:387)
	at java.lang.ClassLoader.loadClass(ClassLoader.java:419)
	at sun.misc.Launcher$AppClassLoader.loadClass(Launcher.java:352)
	at java.lang.ClassLoader.loadClass(ClassLoader.java:352)
	at org.evosuite.instrumentation.InstrumentingClassLoader.loadClass(InstrumentingClassLoader.java:117)
	... 21 common frames omitted
* Computation finished
[MASTER] 14:12:54.532 [main] ERROR SearchStatistics - No statistics has been saved because EvoSuite failed to generate any test case
[MASTER] 14:12:54.641 [main] ERROR TestGeneration - failed to write statistics data
",MODULE_TESTS_PASSED,True,maven,firehose,8,D:\ki9\SEP490\ArrowCode\ARROW-paper\ARROW\Java-version\java-8,True,True,0,False,0,0,0,False,False,False,False,,,,4.609,2.828,4.844,,,12.985,D:\ki9\SEP490\ArrowCode\ARROW-paper\ARROW\runs\e\p2\s\75939912_0\s42,2026-08-24T07:12:54.666143+00:00,2026-08-24T07:12:54.666143+00:00,False,NOT_APPLICABLE_INVALID,,,,,,,,,,,,,,,,,,,,,,,,,,,,False,False,NOT_APPLICABLE_INVALID,False,,,,,,,,,,,,,,,,,,,,,,,,,,,,GENERATION_INVALID,False,True,EvoSuite status=GENERATION_FAILED,
evosuite-clean-200-part-2,168,148614148,148614148_0.json,148614148_0,https://github.com/Zhuinden/command-queue,CommandQueue,command-queue/src/main/java/com/zhuinden/commandqueue/CommandQueue.java,com.zhuinden.commandqueue.CommandQueue,42,1.2.0,VALID,,,MODULE_TESTS_PASSED,True,gradle,.,7,D:\ki9\SEP490\ArrowCode\ARROW-paper\ARROW\Java-version\java-8,True,True,0,False,2,1,12,True,True,True,True,0.8913043478260869,46,41,39.468,1.75,186.735,0.578,2.203,232.937,D:\ki9\SEP490\ArrowCode\ARROW-paper\ARROW\runs\e\p2\s\148614148_0\s42,2026-08-24T07:17:14.425766+00:00,2026-08-24T07:17:14.918997+00:00,True,COMPLETE,,,D:\ki9\SEP490\ArrowCode\ARROW-paper\ARROW\runs\e\p2\s\148614148_0\s42\t3,com.zhuinden.commandqueue.CommandQueue_ESTest,2,0,14,165,14,92.18,48,3,94.12,35,5,87.5,10,0,100.0,34,9,24,1,1,0,26.47,"{""KILLED"": 8, ""NO_COVERAGE"": 1, ""SURVIVED"": 24, ""TIMED_OUT"": 1}",True,True,COMPLETE,True,,61,False,D:\ki9\SEP490\ArrowCode\ARROW-paper\ARROW\Java-version\java-11,D:\ki9\SEP490\ArrowCode\ARROW-paper\ARROW\runs\e\p2\s\148614148_0\s42\ts,D:\ki9\SEP490\ArrowCode\ARROW-paper\ARROW\runs\e\p2\s\148614148_0\s42\ts\Output_TestSmellDetection_1787555834579.csv,0,0,0,0,0,12,0,0,0,0,0,0,0,9,28,0,0,0,0,12,0,COMPLETE,True,True,,
evosuite-clean-200-part-2,173,106371845,106371845_6.json,106371845_6,https://github.com/PacktPublishing/Mastering-Software-Testing-with-JUnit-5,LoginService,junit4-mockito/src/main/java/io/github/bonigarcia/LoginService.java,io.github.bonigarcia.LoginService,42,1.2.0,TEST_FAILED,execution,",VQ, username=`6Rj,VQ]
.LoginService.login UserForm [password=, username=]
..LoginService.logout UserForm [password=null, username=]
E.LoginService.logout UserForm [password=null, username=null]
E
Time: 0.569
There were 3 failures:
1) test2(io.github.bonigarcia.LoginService_ESTest)
java.lang.NullPointerException
	at io.github.bonigarcia.LoginService.logout(LoginService.java:53)
	at io.github.bonigarcia.LoginService_ESTest.test2(LoginService_ESTest.java:57)
2) test0(io.github.bonigarcia.LoginService_ESTest)
io.github.bonigarcia.LoginException:  not logged
	at io.github.bonigarcia.LoginService.logout(LoginService.java:55)
	at io.github.bonigarcia.LoginService_ESTest.test0(LoginService_ESTest.java:26)
3) test1(io.github.bonigarcia.LoginService_ESTest)
io.github.bonigarcia.LoginException: null not logged
	at io.github.bonigarcia.LoginService.logout(LoginService.java:55)
	at io.github.bonigarcia.LoginService_ESTest.test1(LoginService_ESTest.java:42)

FAILURES!!!
Tests run: 6,  Failures: 3

",MODULE_TESTS_PASSED,True,maven,junit4-mockito,8,D:\ki9\SEP490\ArrowCode\ARROW-paper\ARROW\Java-version\java-8,True,True,0,False,2,1,6,True,True,False,False,0.625,24,15,6.515,3.079,158.062,0.516,0.984,174.344,D:\ki9\SEP490\ArrowCode\ARROW-paper\ARROW\runs\e\p2\s\106371845_6\s42,2026-08-24T07:18:02.915987+00:00,2026-08-24T07:18:02.915987+00:00,False,NOT_APPLICABLE_INVALID,,,,,,,,,,,,,,,,,,,,,,,,,,,,False,False,NOT_APPLICABLE_INVALID,False,,,,,,,,,,,,,,,,,,,,,,,,,,,,GENERATION_INVALID,False,True,EvoSuite status=TEST_FAILED,
evosuite-clean-200-part-2,178,11383343,11383343_1.json,11383343_1,https://github.com/nitinsurana/Struts2-Examples,MyAction,Struts2Junit4/src/main/java/actions/MyAction.java,actions.MyAction,42,1.2.0,TEST_FAILED,execution,".java:24)
	at org.junit.runners.model.RunnerBuilder.safeRunnerForClass(RunnerBuilder.java:57)
	at org.junit.internal.builders.AllDefaultPossibilitiesBuilder.runnerForClass(AllDefaultPossibilitiesBuilder.java:29)
	at org.junit.runner.Computer.getRunner(Computer.java:38)
	at org.junit.runner.Computer$1.runnerForClass(Computer.java:29)
	at org.junit.runners.model.RunnerBuilder.safeRunnerForClass(RunnerBuilder.java:57)
	at org.junit.runners.model.RunnerBuilder.runners(RunnerBuilder.java:93)
	at org.junit.runners.model.RunnerBuilder.runners(RunnerBuilder.java:84)
	at org.junit.runners.Suite.<init>(Suite.java:79)
	at org.junit.runner.Computer.getSuite(Computer.java:26)
	at org.junit.runner.Request.classes(Request.java:69)
	at org.junit.runner.JUnitCore.run(JUnitCore.java:117)
	at org.junit.runner.JUnitCore.runMain(JUnitCore.java:98)
	at org.junit.runner.JUnitCore.runMainAndExit(JUnitCore.java:53)
	at org.junit.runner.JUnitCore.main(JUnitCore.java:45)

FAILURES!!!
Tests run: 1,  Failures: 1

",MODULE_TESTS_PASSED,True,maven,Struts2Junit4,6,D:\ki9\SEP490\ArrowCode\ARROW-paper\ARROW\Java-version\java-8,True,True,0,False,2,1,6,True,True,False,False,1.0,7,7,13.11,2.859,39.516,0.797,0.438,72.266,D:\ki9\SEP490\ArrowCode\ARROW-paper\ARROW\runs\e\p2\s\11383343_1\s42,2026-08-24T07:18:27.711767+00:00,2026-08-24T07:18:27.711767+00:00,False,NOT_APPLICABLE_INVALID,,,,,,,,,,,,,,,,,,,,,,,,,,,,False,False,NOT_APPLICABLE_INVALID,False,,,,,,,,,,,,,,,,,,,,,,,,,,,,GENERATION_INVALID,False,True,EvoSuite status=TEST_FAILED,
evosuite-clean-200-part-2,183,18560435,18560435_8.json,18560435_8,https://github.com/1and1/snmpman,ModifiedVariable,snmpman/src/main/java/com/oneandone/snmpman/configuration/modifier/ModifiedVariable.java,com.oneandone.snmpman.configuration.modifier.ModifiedVariable,42,1.2.0,GENERATION_FAILED,generation,"r.java:79)
	at org.evosuite.setup.DependencyAnalysis.initInheritanceTree(DependencyAnalysis.java:75)
	at org.evosuite.TestSuiteGenerator.initializeTargetClass(TestSuiteGenerator.java:93)
	at org.evosuite.TestSuiteGenerator.generateTestSuite(TestSuiteGenerator.java:135)
	at org.evosuite.rmi.service.ClientNodeImpl.lambda$startNewSearch$0(ClientNodeImpl.java:140)
	at java.base/java.util.concurrent.Executors$RunnableAdapter.call(Executors.java:539)
	at java.base/java.util.concurrent.FutureTask.run(FutureTask.java:264)
	at java.base/java.util.concurrent.ThreadPoolExecutor.runWorker(ThreadPoolExecutor.java:1136)
	at java.base/java.util.concurrent.ThreadPoolExecutor$Worker.run(ThreadPoolExecutor.java:635)
	at java.base/java.lang.Thread.run(Thread.java:842)
* Computation finished
[MASTER] 14:18:34.159 [main] ERROR SearchStatistics - No statistics has been saved because EvoSuite failed to generate any test case
[MASTER] 14:18:34.263 [main] ERROR TestGeneration - failed to write statistics data
",MODULE_TESTS_PASSED,True,maven,snmpman,9,,True,True,0,False,0,0,0,False,False,False,False,,,,18.734,4.406,4.86,,,31.281,D:\ki9\SEP490\ArrowCode\ARROW-paper\ARROW\runs\e\p2\s\18560435_8\s42,2026-08-24T07:18:34.315257+00:00,2026-08-24T07:18:34.315257+00:00,False,NOT_APPLICABLE_INVALID,,,,,,,,,,,,,,,,,,,,,,,,,,,,False,False,NOT_APPLICABLE_INVALID,False,,,,,,,,,,,,,,,,,,,,,,,,,,,,GENERATION_INVALID,False,True,EvoSuite status=GENERATION_FAILED,
evosuite-clean-200-part-2,188,33030494,33030494_10.json,33030494_10,https://github.com/ignl/BinarySearchTrees,ScapegoatTree,Trees/src/main/java/org/intelligentjava/algos/trees/ScapegoatTree.java,org.intelligentjava.algos.trees.ScapegoatTree,42,1.2.0,VALID,,,MODULE_TESTS_PASSED,True,maven,Trees,7,D:\ki9\SEP490\ArrowCode\ARROW-paper\ARROW\Java-version\java-8,True,True,0,False,2,1,6,True,True,True,True,0.9782608695652174,46,45,8.906,3.016,161.0,0.5,0.954,177.39,D:\ki9\SEP490\ArrowCode\ARROW-paper\ARROW\runs\e\p2\s\33030494_10\s42,2026-08-24T07:21:40.035853+00:00,2026-08-24T07:21:40.473884+00:00,True,COMPLETE,,,D:\ki9\SEP490\ArrowCode\ARROW-paper\ARROW\runs\e\p2\s\33030494_10\s42\t3,org.intelligentjava.algos.trees.ScapegoatTree_ESTest,2,5,11,338,2,99.41,85,1,98.84,41,1,97.62,12,0,100.0,52,37,15,0,0,0,71.15,"{""KILLED"": 37, ""SURVIVED"": 15}",True,True,COMPLETE,True,,31,False,D:\ki9\SEP490\ArrowCode\ARROW-paper\ARROW\Java-version\java-11,D:\ki9\SEP490\ArrowCode\ARROW-paper\ARROW\runs\e\p2\s\33030494_10\s42\ts,D:\ki9\SEP490\ArrowCode\ARROW-paper\ARROW\runs\e\p2\s\33030494_10\s42\ts\Output_TestSmellDetection_1787556100176.csv,1,0,0,0,0,6,0,0,0,0,0,0,0,4,14,0,0,0,0,6,0,COMPLETE,True,True,,
evosuite-clean-200-part-2,193,99742967,99742967_28.json,99742967_28,https://github.com/awslabs/swage,ImmutableTypedMap,type-safe/src/main/java/software/amazon/swage/collection/ImmutableTypedMap.java,software.amazon.swage.collection.ImmutableTypedMap,42,1.2.0,VALID,,,MODULE_TESTS_PASSED,True,maven,type-safe,8,D:\ki9\SEP490\ArrowCode\ARROW-paper\ARROW\Java-version\java-8,True,True,0,False,2,1,9,True,True,True,True,1.0,26,26,11.766,3.562,57.297,0.578,1.203,77.781,D:\ki9\SEP490\ArrowCode\ARROW-paper\ARROW\runs\e\p2\s\99742967_28\s42,2026-08-24T07:20:10.475964+00:00,2026-08-24T07:20:11.011077+00:00,True,COMPLETE,,,D:\ki9\SEP490\ArrowCode\ARROW-paper\ARROW\runs\e\p2\s\99742967_28\s42\t3,software.amazon.swage.collection.ImmutableTypedMap_ESTest,2,1,7,88,35,71.54,21,9,70.0,8,6,57.14,9,1,90.0,17,11,3,3,0,0,64.71,"{""KILLED"": 11, ""NO_COVERAGE"": 3, ""SURVIVED"": 3}",True,True,COMPLETE,True,,50,False,D:\ki9\SEP490\ArrowCode\ARROW-paper\ARROW\Java-version\java-11,D:\ki9\SEP490\ArrowCode\ARROW-paper\ARROW\runs\e\p2\s\99742967_28\s42\ts,D:\ki9\SEP490\ArrowCode\ARROW-paper\ARROW\runs\e\p2\s\99742967_28\s42\ts\Output_TestSmellDetection_1787556010669.csv,0,0,0,0,0,9,0,0,0,0,0,0,0,8,24,0,0,0,0,9,0,COMPLETE,True,True,,
evosuite-clean-200-part-2,198,103377081,103377081_25.json,103377081_25,https://github.com/CoEValencia/codingDojo,RockPaper,02-RockPaperScissorLizardSpock/java/group1/src/main/java/com/capgemini/coedevon/codingdojo/rockpaperscissorslizardspock/RockPaper.java,com.capgemini.coedevon.codingdojo.rockpaperscissorslizardspock.RockPaper,42,1.2.0,VALID,,,MODULE_TESTS_PASSED,True,maven,02-RockPaperScissorLizardSpock\java\group1,8,D:\ki9\SEP490\ArrowCode\ARROW-paper\ARROW\Java-version\java-8,True,True,0,False,2,1,13,True,True,True,True,1.0,30,30,4.704,3.188,66.281,0.422,0.969,97.469,D:\ki9\SEP490\ArrowCode\ARROW-paper\ARROW\runs\e\p2\s\103377081_25\s42,2026-08-24T07:22:01.781349+00:00,2026-08-24T07:22:02.182335+00:00,True,COMPLETE,,,D:\ki9\SEP490\ArrowCode\ARROW-paper\ARROW\runs\e\p2\s\103377081_25\s42\t3,com.capgemini.coedevon.codingdojo.rockpaperscissorslizardspock.RockPaper_ESTest,2,1,7,93,0,100.0,21,0,100.0,28,0,100.0,4,0,100.0,20,19,1,0,0,0,95.0,"{""KILLED"": 19, ""SURVIVED"": 1}",True,True,COMPLETE,True,,39,False,D:\ki9\SEP490\ArrowCode\ARROW-paper\ARROW\Java-version\java-11,D:\ki9\SEP490\ArrowCode\ARROW-paper\ARROW\runs\e\p2\s\103377081_25\s42\ts,D:\ki9\SEP490\ArrowCode\ARROW-paper\ARROW\runs\e\p2\s\103377081_25\s42\ts\Output_TestSmellDetection_1787556121923.csv,0,0,0,0,0,13,0,0,0,0,0,0,0,0,13,0,0,0,0,13,0,COMPLETE,True,True,,
